Per,Num,Sample,batch,ReadsM,Assay
0,0,A1,A,0,Input
0.01,1719,A1,A,0.086,Input
0.05,6663,A1,A,0.431,Input
0.1,8826,A1,A,0.862,Input
0.25,11223,A1,A,2.155,Input
0.5,12901,A1,A,4.309,Input
0.75,13873,A1,A,6.464,Input
0.9,14386,A1,A,7.756,Input
1,14667,A1,A,8.618,Input
0,0,A10,A,0,Enrich
0.01,1450,A10,A,0.074,Enrich
0.05,6071,A10,A,0.37,Enrich
0.1,8431,A10,A,0.74,Enrich
0.25,10946,A10,A,1.849,Enrich
0.5,12686,A10,A,3.698,Enrich
0.75,13734,A10,A,5.547,Enrich
0.9,14195,A10,A,6.657,Enrich
1,14495,A10,A,7.397,Enrich
0,0,A11,A,0,Enrich
0.01,1343,A11,A,0.079,Enrich
0.05,5948,A11,A,0.393,Enrich
0.1,8305,A11,A,0.787,Enrich
0.25,10811,A11,A,1.967,Enrich
0.5,12481,A11,A,3.933,Enrich
0.75,13486,A11,A,5.9,Enrich
0.9,13968,A11,A,7.08,Enrich
1,14249,A11,A,7.866,Enrich
0,0,A12,A,0,Enrich
0.01,744,A12,A,0.045,Enrich
0.05,4092,A12,A,0.224,Enrich
0.1,6524,A12,A,0.448,Enrich
0.25,9411,A12,A,1.12,Enrich
0.5,11240,A12,A,2.241,Enrich
0.75,12217,A12,A,3.361,Enrich
0.9,12657,A12,A,4.033,Enrich
1,12908,A12,A,4.481,Enrich
0,0,A13,A,0,Enrich
0.01,468,A13,A,0.059,Enrich
0.05,2661,A13,A,0.293,Enrich
0.1,4615,A13,A,0.585,Enrich
0.25,7637,A13,A,1.463,Enrich
0.5,9748,A13,A,2.926,Enrich
0.75,10830,A13,A,4.389,Enrich
0.9,11312,A13,A,5.267,Enrich
1,11576,A13,A,5.852,Enrich
0,0,A14,A,0,Enrich
0.01,1168,A14,A,0.075,Enrich
0.05,5476,A14,A,0.375,Enrich
0.1,7815,A14,A,0.751,Enrich
0.25,10421,A14,A,1.877,Enrich
0.5,12124,A14,A,3.754,Enrich
0.75,13127,A14,A,5.632,Enrich
0.9,13637,A14,A,6.758,Enrich
1,13905,A14,A,7.509,Enrich
0,0,A15,A,0,Enrich
0.01,1200,A15,A,0.078,Enrich
0.05,5617,A15,A,0.391,Enrich
0.1,7976,A15,A,0.782,Enrich
0.25,10508,A15,A,1.955,Enrich
0.5,12127,A15,A,3.911,Enrich
0.75,13067,A15,A,5.866,Enrich
0.9,13534,A15,A,7.039,Enrich
1,13803,A15,A,7.821,Enrich
0,0,A16,A,0,Enrich
0.01,1236,A16,A,0.074,Enrich
0.05,5380,A16,A,0.37,Enrich
0.1,7642,A16,A,0.74,Enrich
0.25,10341,A16,A,1.85,Enrich
0.5,12003,A16,A,3.7,Enrich
0.75,13002,A16,A,5.551,Enrich
0.9,13463,A16,A,6.661,Enrich
1,13774,A16,A,7.401,Enrich
0,0,A17,A,0,Enrich
0.01,1340,A17,A,0.067,Enrich
0.05,5962,A17,A,0.334,Enrich
0.1,8257,A17,A,0.668,Enrich
0.25,10734,A17,A,1.671,Enrich
0.5,12418,A17,A,3.342,Enrich
0.75,13437,A17,A,5.013,Enrich
0.9,13909,A17,A,6.016,Enrich
1,14182,A17,A,6.685,Enrich
0,0,A18,A,0,Enrich
0.01,1375,A18,A,0.089,Enrich
0.05,6004,A18,A,0.444,Enrich
0.1,8352,A18,A,0.888,Enrich
0.25,10845,A18,A,2.221,Enrich
0.5,12495,A18,A,4.442,Enrich
0.75,13484,A18,A,6.663,Enrich
0.9,13972,A18,A,7.995,Enrich
1,14258,A18,A,8.884,Enrich
0,0,A2,A,0,Input
0.01,1451,A2,A,0.074,Input
0.05,6098,A2,A,0.369,Input
0.1,8404,A2,A,0.738,Input
0.25,10848,A2,A,1.845,Input
0.5,12544,A2,A,3.689,Input
0.75,13554,A2,A,5.534,Input
0.9,14043,A2,A,6.641,Input
1,14314,A2,A,7.379,Input
0,0,A3,A,0,Input
0.01,929,A3,A,0.05,Input
0.05,4846,A3,A,0.248,Input
0.1,7192,A3,A,0.497,Input
0.25,9971,A3,A,1.242,Input
0.5,11671,A3,A,2.485,Input
0.75,12635,A3,A,3.727,Input
0.9,13046,A3,A,4.473,Input
1,13314,A3,A,4.97,Input
0,0,A4,A,0,Input
0.01,598,A4,A,0.047,Input
0.05,3276,A4,A,0.234,Input
0.1,5445,A4,A,0.469,Input
0.25,8380,A4,A,1.172,Input
0.5,10255,A4,A,2.344,Input
0.75,11231,A4,A,3.516,Input
0.9,11680,A4,A,4.219,Input
1,11905,A4,A,4.688,Input
0,0,A5,A,0,Input
0.01,1269,A5,A,0.07,Input
0.05,5817,A5,A,0.349,Input
0.1,8112,A5,A,0.698,Input
0.25,10648,A5,A,1.745,Input
0.5,12315,A5,A,3.489,Input
0.75,13325,A5,A,5.234,Input
0.9,13781,A5,A,6.281,Input
1,14051,A5,A,6.979,Input
0,0,A6,A,0,Input
0.01,1350,A6,A,0.072,Input
0.05,6052,A6,A,0.358,Input
0.1,8270,A6,A,0.715,Input
0.25,10767,A6,A,1.789,Input
0.5,12299,A6,A,3.577,Input
0.75,13224,A6,A,5.366,Input
0.9,13640,A6,A,6.439,Input
1,13911,A6,A,7.154,Input
0,0,A7,A,0,Input
0.01,1215,A7,A,0.065,Input
0.05,5330,A7,A,0.324,Input
0.1,7541,A7,A,0.648,Input
0.25,10147,A7,A,1.619,Input
0.5,11825,A7,A,3.239,Input
0.75,12789,A7,A,4.858,Input
0.9,13182,A7,A,5.83,Input
1,13444,A7,A,6.478,Input
0,0,A8,A,0,Input
0.01,1521,A8,A,0.074,Input
0.05,6390,A8,A,0.372,Input
0.1,8641,A8,A,0.744,Input
0.25,10983,A8,A,1.86,Input
0.5,12554,A8,A,3.72,Input
0.75,13543,A8,A,5.58,Input
0.9,13984,A8,A,6.696,Input
1,14265,A8,A,7.44,Input
0,0,A9,A,0,Input
0.01,1370,A9,A,0.073,Input
0.05,6075,A9,A,0.363,Input
0.1,8388,A9,A,0.726,Input
0.25,10874,A9,A,1.815,Input
0.5,12521,A9,A,3.63,Input
0.75,13580,A9,A,5.445,Input
0.9,14053,A9,A,6.534,Input
1,14291,A9,A,7.26,Input
0,0,B1,B,0,Input
0.01,657,B1,B,0.04,Input
0.05,3984,B1,B,0.201,Input
0.1,6352,B1,B,0.402,Input
0.25,9196,B1,B,1.006,Input
0.5,10983,B1,B,2.012,Input
0.75,11958,B1,B,3.018,Input
0.9,12336,B1,B,3.622,Input
1,12570,B1,B,4.025,Input
0,0,B10,B,0,Input
0.01,974,B10,B,0.052,Input
0.05,5083,B10,B,0.258,Input
0.1,7392,B10,B,0.517,Input
0.25,9977,B10,B,1.292,Input
0.5,11572,B10,B,2.584,Input
0.75,12494,B10,B,3.876,Input
0.9,12905,B10,B,4.651,Input
1,13150,B10,B,5.168,Input
0,0,B11,B,0,Input
0.01,1032,B11,B,0.058,Input
0.05,5325,B11,B,0.289,Input
0.1,7646,B11,B,0.577,Input
0.25,10298,B11,B,1.444,Input
0.5,11845,B11,B,2.887,Input
0.75,12728,B11,B,4.331,Input
0.9,13162,B11,B,5.197,Input
1,13389,B11,B,5.774,Input
0,0,B12,B,0,Input
0.01,1141,B12,B,0.06,Input
0.05,5533,B12,B,0.301,Input
0.1,7858,B12,B,0.603,Input
0.25,10382,B12,B,1.507,Input
0.5,11949,B12,B,3.013,Input
0.75,12873,B12,B,4.52,Input
0.9,13317,B12,B,5.424,Input
1,13545,B12,B,6.027,Input
0,0,B13,B,0,Enrich
0.01,532,B13,B,0.034,Enrich
0.05,3100,B13,B,0.169,Enrich
0.1,5326,B13,B,0.337,Enrich
0.25,8323,B13,B,0.843,Enrich
0.5,10296,B13,B,1.687,Enrich
0.75,11297,B13,B,2.53,Enrich
0.9,11723,B13,B,3.036,Enrich
1,11984,B13,B,3.373,Enrich
0,0,B14,B,0,Enrich
0.01,802,B14,B,0.049,Enrich
0.05,4247,B14,B,0.246,Enrich
0.1,6561,B14,B,0.491,Enrich
0.25,9315,B14,B,1.229,Enrich
0.5,11087,B14,B,2.457,Enrich
0.75,12000,B14,B,3.686,Enrich
0.9,12424,B14,B,4.423,Enrich
1,12691,B14,B,4.915,Enrich
0,0,B15,B,0,Enrich
0.01,547,B15,B,0.037,Enrich
0.05,3449,B15,B,0.185,Enrich
0.1,5719,B15,B,0.37,Enrich
0.25,8713,B15,B,0.926,Enrich
0.5,10616,B15,B,1.852,Enrich
0.75,11605,B15,B,2.777,Enrich
0.9,12036,B15,B,3.333,Enrich
1,12306,B15,B,3.703,Enrich
0,0,B17,B,0,Enrich
0.01,977,B17,B,0.052,Enrich
0.05,4971,B17,B,0.259,Enrich
0.1,7332,B17,B,0.519,Enrich
0.25,10006,B17,B,1.297,Enrich
0.5,11634,B17,B,2.593,Enrich
0.75,12553,B17,B,3.89,Enrich
0.9,12973,B17,B,4.668,Enrich
1,13252,B17,B,5.187,Enrich
0,0,B18,B,0,Enrich
0.01,802,B18,B,0.048,Enrich
0.05,4483,B18,B,0.242,Enrich
0.1,6773,B18,B,0.484,Enrich
0.25,9580,B18,B,1.211,Enrich
0.5,11282,B18,B,2.422,Enrich
0.75,12214,B18,B,3.632,Enrich
0.9,12637,B18,B,4.359,Enrich
1,12897,B18,B,4.843,Enrich
0,0,B19,B,0,Enrich
0.01,602,B19,B,0.047,Enrich
0.05,3717,B19,B,0.236,Enrich
0.1,6076,B19,B,0.471,Enrich
0.25,9012,B19,B,1.178,Enrich
0.5,10969,B19,B,2.356,Enrich
0.75,11925,B19,B,3.534,Enrich
0.9,12395,B19,B,4.24,Enrich
1,12648,B19,B,4.712,Enrich
0,0,B2,B,0,Input
0.01,1059,B2,B,0.057,Input
0.05,5180,B2,B,0.285,Input
0.1,7508,B2,B,0.571,Input
0.25,10089,B2,B,1.427,Input
0.5,11706,B2,B,2.853,Input
0.75,12663,B2,B,4.28,Input
0.9,13068,B2,B,5.136,Input
1,13307,B2,B,5.706,Input
0,0,B20,B,0,Enrich
0.01,689,B20,B,0.042,Enrich
0.05,3935,B20,B,0.208,Enrich
0.1,6259,B20,B,0.417,Enrich
0.25,9207,B20,B,1.042,Enrich
0.5,11071,B20,B,2.083,Enrich
0.75,11988,B20,B,3.125,Enrich
0.9,12423,B20,B,3.75,Enrich
1,12639,B20,B,4.166,Enrich
0,0,B21,B,0,Enrich
0.01,769,B21,B,0.044,Enrich
0.05,4240,B21,B,0.221,Enrich
0.1,6629,B21,B,0.443,Enrich
0.25,9485,B21,B,1.107,Enrich
0.5,11230,B21,B,2.213,Enrich
0.75,12247,B21,B,3.32,Enrich
0.9,12678,B21,B,3.984,Enrich
1,12925,B21,B,4.427,Enrich
0,0,B22,B,0,Enrich
0.01,711,B22,B,0.042,Enrich
0.05,4123,B22,B,0.21,Enrich
0.1,6445,B22,B,0.42,Enrich
0.25,9285,B22,B,1.051,Enrich
0.5,10997,B22,B,2.102,Enrich
0.75,11913,B22,B,3.153,Enrich
0.9,12313,B22,B,3.784,Enrich
1,12571,B22,B,4.205,Enrich
0,0,B23,B,0,Enrich
0.01,915,B23,B,0.057,Enrich
0.05,4869,B23,B,0.286,Enrich
0.1,7204,B23,B,0.572,Enrich
0.25,9933,B23,B,1.431,Enrich
0.5,11548,B23,B,2.862,Enrich
0.75,12410,B23,B,4.293,Enrich
0.9,12847,B23,B,5.151,Enrich
1,13108,B23,B,5.724,Enrich
0,0,B24,B,0,Enrich
0.01,874,B24,B,0.051,Enrich
0.05,4593,B24,B,0.253,Enrich
0.1,6904,B24,B,0.506,Enrich
0.25,9653,B24,B,1.265,Enrich
0.5,11373,B24,B,2.53,Enrich
0.75,12287,B24,B,3.795,Enrich
0.9,12667,B24,B,4.555,Enrich
1,12913,B24,B,5.061,Enrich
0,0,B3,B,0,Input
0.01,782,B3,B,0.045,Input
0.05,4555,B3,B,0.226,Input
0.1,6954,B3,B,0.452,Input
0.25,9746,B3,B,1.131,Input
0.5,11499,B3,B,2.261,Input
0.75,12451,B3,B,3.392,Input
0.9,12906,B3,B,4.07,Input
1,13139,B3,B,4.523,Input
0,0,B5,B,0,Input
0.01,1085,B5,B,0.056,Input
0.05,5395,B5,B,0.278,Input
0.1,7707,B5,B,0.557,Input
0.25,10329,B5,B,1.392,Input
0.5,11983,B5,B,2.783,Input
0.75,12896,B5,B,4.175,Input
0.9,13349,B5,B,5.01,Input
1,13581,B5,B,5.567,Input
0,0,B6,B,0,Input
0.01,1061,B6,B,0.057,Input
0.05,5303,B6,B,0.286,Input
0.1,7657,B6,B,0.572,Input
0.25,10266,B6,B,1.431,Input
0.5,11896,B6,B,2.862,Input
0.75,12870,B6,B,4.293,Input
0.9,13315,B6,B,5.151,Input
1,13527,B6,B,5.724,Input
0,0,B7,B,0,Input
0.01,899,B7,B,0.054,Input
0.05,4873,B7,B,0.269,Input
0.1,7301,B7,B,0.538,Input
0.25,10002,B7,B,1.344,Input
0.5,11725,B7,B,2.689,Input
0.75,12675,B7,B,4.033,Input
0.9,13122,B7,B,4.84,Input
1,13377,B7,B,5.378,Input
0,0,B8,B,0,Input
0.01,1305,B8,B,0.067,Input
0.05,5808,B8,B,0.333,Input
0.1,8086,B8,B,0.665,Input
0.25,10690,B8,B,1.663,Input
0.5,12301,B8,B,3.326,Input
0.75,13228,B8,B,4.988,Input
0.9,13698,B8,B,5.986,Input
1,13941,B8,B,6.651,Input
0,0,B9,B,0,Input
0.01,1677,B9,B,0.078,Input
0.05,6542,B9,B,0.392,Input
0.1,8747,B9,B,0.784,Input
0.25,11166,B9,B,1.96,Input
0.5,12857,B9,B,3.921,Input
0.75,13872,B9,B,5.881,Input
0.9,14347,B9,B,7.058,Input
1,14614,B9,B,7.842,Input
0,0,C1,C,0,Input
0.01,941,C1,C,0.05,Input
0.05,4879,C1,C,0.252,Input
0.1,7236,C1,C,0.504,Input
0.25,9935,C1,C,1.259,Input
0.5,11601,C1,C,2.518,Input
0.75,12516,C1,C,3.777,Input
0.9,12950,C1,C,4.532,Input
1,13190,C1,C,5.036,Input
0,0,C10,C,0,Input
0.01,1294,C10,C,0.064,Input
0.05,5679,C10,C,0.319,Input
0.1,7913,C10,C,0.638,Input
0.25,10414,C10,C,1.595,Input
0.5,11999,C10,C,3.189,Input
0.75,12922,C10,C,4.784,Input
0.9,13345,C10,C,5.74,Input
1,13577,C10,C,6.378,Input
0,0,C11,C,0,Input
0.01,1062,C11,C,0.055,Input
0.05,5307,C11,C,0.276,Input
0.1,7636,C11,C,0.553,Input
0.25,10266,C11,C,1.381,Input
0.5,11939,C11,C,2.763,Input
0.75,12895,C11,C,4.144,Input
0.9,13291,C11,C,4.973,Input
1,13532,C11,C,5.526,Input
0,0,C12,C,0,Input
0.01,876,C12,C,0.049,Input
0.05,4758,C12,C,0.246,Input
0.1,7140,C12,C,0.492,Input
0.25,9863,C12,C,1.229,Input
0.5,11632,C12,C,2.459,Input
0.75,12552,C12,C,3.688,Input
0.9,12984,C12,C,4.425,Input
1,13248,C12,C,4.917,Input
0,0,C13,C,0,Enrich
0.01,722,C13,C,0.04,Enrich
0.05,3814,C13,C,0.198,Enrich
0.1,6102,C13,C,0.396,Enrich
0.25,9111,C13,C,0.991,Enrich
0.5,10957,C13,C,1.982,Enrich
0.75,11997,C13,C,2.973,Enrich
0.9,12438,C13,C,3.568,Enrich
1,12700,C13,C,3.964,Enrich
0,0,C14,C,0,Enrich
0.01,820,C14,C,0.045,Enrich
0.05,4218,C14,C,0.223,Enrich
0.1,6482,C14,C,0.446,Enrich
0.25,9317,C14,C,1.116,Enrich
0.5,11140,C14,C,2.231,Enrich
0.75,12145,C14,C,3.347,Enrich
0.9,12604,C14,C,4.017,Enrich
1,12852,C14,C,4.463,Enrich
0,0,C15,C,0,Enrich
0.01,625,C15,C,0.038,Enrich
0.05,3611,C15,C,0.189,Enrich
0.1,5932,C15,C,0.378,Enrich
0.25,8920,C15,C,0.945,Enrich
0.5,10816,C15,C,1.891,Enrich
0.75,11824,C15,C,2.836,Enrich
0.9,12224,C15,C,3.404,Enrich
1,12463,C15,C,3.782,Enrich
0,0,C16,C,0,Enrich
0.01,607,C16,C,0.036,Enrich
0.05,3504,C16,C,0.179,Enrich
0.1,5883,C16,C,0.358,Enrich
0.25,8904,C16,C,0.896,Enrich
0.5,10775,C16,C,1.791,Enrich
0.75,11816,C16,C,2.687,Enrich
0.9,12261,C16,C,3.224,Enrich
1,12543,C16,C,3.582,Enrich
0,0,C17,C,0,Enrich
0.01,1045,C17,C,0.055,Enrich
0.05,5016,C17,C,0.275,Enrich
0.1,7345,C17,C,0.549,Enrich
0.25,10114,C17,C,1.373,Enrich
0.5,11791,C17,C,2.746,Enrich
0.75,12713,C17,C,4.12,Enrich
0.9,13167,C17,C,4.944,Enrich
1,13449,C17,C,5.493,Enrich
0,0,C18,C,0,Enrich
0.01,874,C18,C,0.07,Enrich
0.05,4354,C18,C,0.35,Enrich
0.1,6761,C18,C,0.7,Enrich
0.25,9547,C18,C,1.749,Enrich
0.5,11292,C18,C,3.498,Enrich
0.75,12283,C18,C,5.247,Enrich
0.9,12735,C18,C,6.296,Enrich
1,12991,C18,C,6.996,Enrich
0,0,C19,C,0,Enrich
0.01,1085,C19,C,0.057,Enrich
0.05,5201,C19,C,0.285,Enrich
0.1,7442,C19,C,0.571,Enrich
0.25,10063,C19,C,1.427,Enrich
0.5,11780,C19,C,2.853,Enrich
0.75,12758,C19,C,4.28,Enrich
0.9,13191,C19,C,5.135,Enrich
1,13477,C19,C,5.706,Enrich
0,0,C2,C,0,Input
0.01,920,C2,C,0.049,Input
0.05,4789,C2,C,0.245,Input
0.1,7119,C2,C,0.49,Input
0.25,9791,C2,C,1.226,Input
0.5,11501,C2,C,2.451,Input
0.75,12414,C2,C,3.677,Input
0.9,12821,C2,C,4.412,Input
1,13075,C2,C,4.902,Input
0,0,C20,C,0,Enrich
0.01,682,C20,C,0.041,Enrich
0.05,4051,C20,C,0.206,Enrich
0.1,6549,C20,C,0.411,Enrich
0.25,9953,C20,C,1.028,Enrich
0.5,12588,C20,C,2.056,Enrich
0.75,14525,C20,C,3.084,Enrich
0.9,15503,C20,C,3.701,Enrich
1,16112,C20,C,4.112,Enrich
0,0,C21,C,0,Enrich
0.01,1211,C21,C,0.07,Enrich
0.05,5419,C21,C,0.351,Enrich
0.1,7733,C21,C,0.702,Enrich
0.25,10306,C21,C,1.756,Enrich
0.5,11968,C21,C,3.512,Enrich
0.75,12860,C21,C,5.268,Enrich
0.9,13291,C21,C,6.321,Enrich
1,13567,C21,C,7.024,Enrich
0,0,C22,C,0,Enrich
0.01,1459,C22,C,0.071,Enrich
0.05,5864,C22,C,0.356,Enrich
0.1,8102,C22,C,0.712,Enrich
0.25,10519,C22,C,1.779,Enrich
0.5,12212,C22,C,3.559,Enrich
0.75,13173,C22,C,5.338,Enrich
0.9,13634,C22,C,6.405,Enrich
1,13903,C22,C,7.117,Enrich
0,0,C23,C,0,Enrich
0.01,1317,C23,C,0.064,Enrich
0.05,5814,C23,C,0.322,Enrich
0.1,8063,C23,C,0.643,Enrich
0.25,10616,C23,C,1.608,Enrich
0.5,12296,C23,C,3.215,Enrich
0.75,13265,C23,C,4.823,Enrich
0.9,13728,C23,C,5.788,Enrich
1,13971,C23,C,6.431,Enrich
0,0,C24,C,0,Enrich
0.01,960,C24,C,0.051,Enrich
0.05,4811,C24,C,0.256,Enrich
0.1,7164,C24,C,0.512,Enrich
0.25,9912,C24,C,1.281,Enrich
0.5,11734,C24,C,2.561,Enrich
0.75,12656,C24,C,3.842,Enrich
0.9,13093,C24,C,4.61,Enrich
1,13346,C24,C,5.122,Enrich
0,0,C25,C,0,Input
0.01,441,C25,C,0.031,Input
0.05,3033,C25,C,0.155,Input
0.1,5296,C25,C,0.31,Input
0.25,8364,C25,C,0.774,Input
0.5,10311,C25,C,1.548,Input
0.75,11356,C25,C,2.322,Input
0.9,11780,C25,C,2.787,Input
1,12013,C25,C,3.096,Input
0,0,C26,C,0,Enrich
0.01,208,C26,C,0.019,Enrich
0.05,1591,C26,C,0.095,Enrich
0.1,3200,C26,C,0.19,Enrich
0.25,6278,C26,C,0.476,Enrich
0.5,8531,C26,C,0.952,Enrich
0.75,9652,C26,C,1.428,Enrich
0.9,10156,C26,C,1.713,Enrich
1,10407,C26,C,1.904,Enrich
0,0,C3,C,0,Input
0.01,721,C3,C,0.042,Input
0.05,4174,C3,C,0.211,Input
0.1,6565,C3,C,0.422,Input
0.25,9388,C3,C,1.054,Input
0.5,11182,C3,C,2.108,Input
0.75,12086,C3,C,3.161,Input
0.9,12503,C3,C,3.794,Input
1,12764,C3,C,4.215,Input
0,0,C4,C,0,Input
0.01,670,C4,C,0.041,Input
0.05,4103,C4,C,0.207,Input
0.1,6506,C4,C,0.413,Input
0.25,9384,C4,C,1.033,Input
0.5,11157,C4,C,2.066,Input
0.75,12093,C4,C,3.099,Input
0.9,12492,C4,C,3.719,Input
1,12721,C4,C,4.132,Input
0,0,C5,C,0,Input
0.01,947,C5,C,0.052,Input
0.05,5014,C5,C,0.258,Input
0.1,7351,C5,C,0.517,Input
0.25,10022,C5,C,1.292,Input
0.5,11641,C5,C,2.584,Input
0.75,12565,C5,C,3.876,Input
0.9,12977,C5,C,4.651,Input
1,13258,C5,C,5.168,Input
0,0,C6,C,0,Input
0.01,676,C6,C,0.05,Input
0.05,3930,C6,C,0.25,Input
0.1,6231,C6,C,0.5,Input
0.25,9112,C6,C,1.25,Input
0.5,10904,C6,C,2.499,Input
0.75,11890,C6,C,3.749,Input
0.9,12288,C6,C,4.498,Input
1,12528,C6,C,4.998,Input
0,0,C7,C,0,Input
0.01,818,C7,C,0.047,Input
0.05,4568,C7,C,0.235,Input
0.1,6905,C7,C,0.47,Input
0.25,9586,C7,C,1.174,Input
0.5,11273,C7,C,2.348,Input
0.75,12168,C7,C,3.522,Input
0.9,12621,C7,C,4.226,Input
1,12885,C7,C,4.696,Input
0,0,C8,C,0,Input
0.01,839,C8,C,0.048,Input
0.05,4676,C8,C,0.241,Input
0.1,7077,C8,C,0.481,Input
0.25,9767,C8,C,1.203,Input
0.5,11516,C8,C,2.406,Input
0.75,12415,C8,C,3.609,Input
0.9,12841,C8,C,4.331,Input
1,13085,C8,C,4.812,Input
0,0,C9,C,0,Input
0.01,1029,C9,C,0.059,Input
0.05,5206,C9,C,0.295,Input
0.1,7499,C9,C,0.589,Input
0.25,10112,C9,C,1.473,Input
0.5,11768,C9,C,2.946,Input
0.75,12634,C9,C,4.418,Input
0.9,13038,C9,C,5.302,Input
1,13282,C9,C,5.891,Input
0,0,D1,D,0,Input
0.01,1410,D1,D,0.068,Input
0.05,6135,D1,D,0.342,Input
0.1,8338,D1,D,0.683,Input
0.25,10777,D1,D,1.708,Input
0.5,12442,D1,D,3.417,Input
0.75,13429,D1,D,5.125,Input
0.9,13909,D1,D,6.15,Input
1,14153,D1,D,6.834,Input
0,0,D10,D,0,Input
0.01,1054,D10,D,0.057,Input
0.05,5396,D10,D,0.284,Input
0.1,7716,D10,D,0.568,Input
0.25,10332,D10,D,1.421,Input
0.5,11972,D10,D,2.842,Input
0.75,12899,D10,D,4.263,Input
0.9,13353,D10,D,5.115,Input
1,13609,D10,D,5.683,Input
0,0,D11,D,0,Input
0.01,1316,D11,D,0.067,Input
0.05,5917,D11,D,0.333,Input
0.1,8157,D11,D,0.666,Input
0.25,10644,D11,D,1.664,Input
0.5,12226,D11,D,3.328,Input
0.75,13154,D11,D,4.992,Input
0.9,13578,D11,D,5.991,Input
1,13856,D11,D,6.656,Input
0,0,D12,D,0,Input
0.01,981,D12,D,0.063,Input
0.05,5063,D12,D,0.313,Input
0.1,7381,D12,D,0.627,Input
0.25,10034,D12,D,1.567,Input
0.5,11668,D12,D,3.135,Input
0.75,12593,D12,D,4.702,Input
0.9,13067,D12,D,5.643,Input
1,13294,D12,D,6.27,Input
0,0,D13,D,0,Enrich
0.01,1169,D13,D,0.058,Enrich
0.05,5436,D13,D,0.292,Enrich
0.1,7808,D13,D,0.583,Enrich
0.25,10341,D13,D,1.459,Enrich
0.5,12001,D13,D,2.917,Enrich
0.75,12985,D13,D,4.376,Enrich
0.9,13462,D13,D,5.251,Enrich
1,13720,D13,D,5.834,Enrich
0,0,D14,D,0,Enrich
0.01,803,D14,D,0.052,Enrich
0.05,4324,D14,D,0.259,Enrich
0.1,6758,D14,D,0.519,Enrich
0.25,9666,D14,D,1.296,Enrich
0.5,11463,D14,D,2.593,Enrich
0.75,12440,D14,D,3.889,Enrich
0.9,12886,D14,D,4.667,Enrich
1,13156,D14,D,5.186,Enrich
0,0,D15,D,0,Enrich
0.01,1093,D15,D,0.06,Enrich
0.05,5413,D15,D,0.298,Enrich
0.1,7801,D15,D,0.597,Enrich
0.25,10405,D15,D,1.492,Enrich
0.5,12084,D15,D,2.984,Enrich
0.75,13062,D15,D,4.477,Enrich
0.9,13523,D15,D,5.372,Enrich
1,13810,D15,D,5.969,Enrich
0,0,D16,D,0,Enrich
0.01,846,D16,D,0.046,Enrich
0.05,4218,D16,D,0.232,Enrich
0.1,6491,D16,D,0.464,Enrich
0.25,9424,D16,D,1.159,Enrich
0.5,11294,D16,D,2.318,Enrich
0.75,12313,D16,D,3.477,Enrich
0.9,12789,D16,D,4.172,Enrich
1,13064,D16,D,4.635,Enrich
0,0,D17,D,0,Enrich
0.01,966,D17,D,0.054,Enrich
0.05,4933,D17,D,0.271,Enrich
0.1,7382,D17,D,0.542,Enrich
0.25,10152,D17,D,1.354,Enrich
0.5,11824,D17,D,2.708,Enrich
0.75,12844,D17,D,4.061,Enrich
0.9,13338,D17,D,4.874,Enrich
1,13597,D17,D,5.415,Enrich
0,0,D18,D,0,Enrich
0.01,1355,D18,D,0.078,Enrich
0.05,5511,D18,D,0.39,Enrich
0.1,7818,D18,D,0.78,Enrich
0.25,10494,D18,D,1.951,Enrich
0.5,12070,D18,D,3.902,Enrich
0.75,13120,D18,D,5.853,Enrich
0.9,13563,D18,D,7.023,Enrich
1,13820,D18,D,7.804,Enrich
0,0,D19,D,0,Enrich
0.01,1331,D19,D,0.072,Enrich
0.05,5471,D19,D,0.358,Enrich
0.1,7848,D19,D,0.717,Enrich
0.25,10438,D19,D,1.792,Enrich
0.5,12032,D19,D,3.584,Enrich
0.75,12959,D19,D,5.377,Enrich
0.9,13405,D19,D,6.452,Enrich
1,13679,D19,D,7.169,Enrich
0,0,D2,D,0,Input
0.01,920,D2,D,0.055,Input
0.05,4948,D2,D,0.275,Input
0.1,7337,D2,D,0.55,Input
0.25,10079,D2,D,1.376,Input
0.5,11733,D2,D,2.752,Input
0.75,12663,D2,D,4.128,Input
0.9,13076,D2,D,4.954,Input
1,13330,D2,D,5.505,Input
0,0,D20,D,0,Enrich
0.01,925,D20,D,0.052,Enrich
0.05,4777,D20,D,0.258,Enrich
0.1,7163,D20,D,0.516,Enrich
0.25,9894,D20,D,1.291,Enrich
0.5,11663,D20,D,2.582,Enrich
0.75,12655,D20,D,3.873,Enrich
0.9,13078,D20,D,4.648,Enrich
1,13309,D20,D,5.165,Enrich
0,0,D21,D,0,Enrich
0.01,1220,D21,D,0.068,Enrich
0.05,5441,D21,D,0.339,Enrich
0.1,7806,D21,D,0.678,Enrich
0.25,10390,D21,D,1.695,Enrich
0.5,12021,D21,D,3.39,Enrich
0.75,12984,D21,D,5.086,Enrich
0.9,13420,D21,D,6.103,Enrich
1,13656,D21,D,6.781,Enrich
0,0,D22,D,0,Enrich
0.01,1261,D22,D,0.064,Enrich
0.05,5720,D22,D,0.321,Enrich
0.1,8067,D22,D,0.641,Enrich
0.25,10622,D22,D,1.604,Enrich
0.5,12247,D22,D,3.207,Enrich
0.75,13234,D22,D,4.811,Enrich
0.9,13707,D22,D,5.773,Enrich
1,14004,D22,D,6.415,Enrich
0,0,D23,D,0,Enrich
0.01,1804,D23,D,0.09,Enrich
0.05,6699,D23,D,0.448,Enrich
0.1,8859,D23,D,0.897,Enrich
0.25,11259,D23,D,2.242,Enrich
0.5,12849,D23,D,4.485,Enrich
0.75,13873,D23,D,6.727,Enrich
0.9,14333,D23,D,8.073,Enrich
1,14632,D23,D,8.97,Enrich
0,0,D24,D,0,Enrich
0.01,1362,D24,D,0.113,Enrich
0.05,5688,D24,D,0.565,Enrich
0.1,7994,D24,D,1.131,Enrich
0.25,10547,D24,D,2.827,Enrich
0.5,12277,D24,D,5.654,Enrich
0.75,13237,D24,D,8.481,Enrich
0.9,13722,D24,D,10.177,Enrich
1,14013,D24,D,11.308,Enrich
0,0,D3,D,0,Input
0.01,903,D3,D,0.052,Input
0.05,4963,D3,D,0.259,Input
0.1,7439,D3,D,0.519,Input
0.25,10084,D3,D,1.296,Input
0.5,11664,D3,D,2.593,Input
0.75,12597,D3,D,3.889,Input
0.9,13029,D3,D,4.667,Input
1,13266,D3,D,5.185,Input
0,0,D4,D,0,Input
0.01,976,D4,D,0.052,Input
0.05,4859,D4,D,0.261,Input
0.1,7235,D4,D,0.522,Input
0.25,9897,D4,D,1.305,Input
0.5,11620,D4,D,2.61,Input
0.75,12577,D4,D,3.915,Input
0.9,13028,D4,D,4.698,Input
1,13271,D4,D,5.22,Input
0,0,D5,D,0,Input
0.01,982,D5,D,0.055,Input
0.05,5316,D5,D,0.275,Input
0.1,7677,D5,D,0.551,Input
0.25,10291,D5,D,1.377,Input
0.5,11976,D5,D,2.755,Input
0.75,12910,D5,D,4.132,Input
0.9,13336,D5,D,4.958,Input
1,13556,D5,D,5.509,Input
0,0,D6,D,0,Input
0.01,990,D6,D,0.057,Input
0.05,4823,D6,D,0.287,Input
0.1,7178,D6,D,0.573,Input
0.25,9901,D6,D,1.433,Input
0.5,11519,D6,D,2.866,Input
0.75,12432,D6,D,4.299,Input
0.9,12851,D6,D,5.158,Input
1,13083,D6,D,5.731,Input
0,0,D7,D,0,Input
0.01,1001,D7,D,0.056,Input
0.05,4837,D7,D,0.281,Input
0.1,7275,D7,D,0.561,Input
0.25,9946,D7,D,1.403,Input
0.5,11560,D7,D,2.807,Input
0.75,12422,D7,D,4.21,Input
0.9,12857,D7,D,5.052,Input
1,13106,D7,D,5.613,Input
0,0,D8,D,0,Input
0.01,988,D8,D,0.054,Input
0.05,5184,D8,D,0.269,Input
0.1,7521,D8,D,0.539,Input
0.25,10120,D8,D,1.347,Input
0.5,11792,D8,D,2.694,Input
0.75,12661,D8,D,4.041,Input
0.9,13092,D8,D,4.849,Input
1,13327,D8,D,5.388,Input
0,0,D9,D,0,Input
0.01,1070,D9,D,0.06,Input
0.05,5248,D9,D,0.3,Input
0.1,7520,D9,D,0.599,Input
0.25,10155,D9,D,1.498,Input
0.5,11709,D9,D,2.995,Input
0.75,12575,D9,D,4.493,Input
0.9,12973,D9,D,5.391,Input
1,13192,D9,D,5.99,Input
0,0,E1,E,0,Input
0.01,1270,E1,E,0.07,Input
0.05,5948,E1,E,0.351,Input
0.1,8219,E1,E,0.702,Input
0.25,10607,E1,E,1.756,Input
0.5,12215,E1,E,3.512,Input
0.75,13191,E1,E,5.267,Input
0.9,13655,E1,E,6.321,Input
1,13931,E1,E,7.023,Input
0,0,E10,E,0,Input
0.01,1207,E10,E,0.064,Input
0.05,5788,E10,E,0.32,Input
0.1,8092,E10,E,0.64,Input
0.25,10512,E10,E,1.6,Input
0.5,12167,E10,E,3.201,Input
0.75,13077,E10,E,4.801,Input
0.9,13449,E10,E,5.761,Input
1,13688,E10,E,6.402,Input
0,0,E11,E,0,Input
0.01,1756,E11,E,0.083,Input
0.05,6726,E11,E,0.417,Input
0.1,8902,E11,E,0.834,Input
0.25,11254,E11,E,2.084,Input
0.5,12846,E11,E,4.168,Input
0.75,13833,E11,E,6.251,Input
0.9,14303,E11,E,7.502,Input
1,14582,E11,E,8.335,Input
0,0,E12,E,0,Input
0.01,1279,E12,E,0.068,Input
0.05,5856,E12,E,0.338,Input
0.1,8187,E12,E,0.677,Input
0.25,10680,E12,E,1.692,Input
0.5,12262,E12,E,3.384,Input
0.75,13214,E12,E,5.076,Input
0.9,13634,E12,E,6.091,Input
1,13926,E12,E,6.767,Input
0,0,E13,E,0,Enrich
0.01,978,E13,E,0.057,Enrich
0.05,5108,E13,E,0.284,Enrich
0.1,7518,E13,E,0.567,Enrich
0.25,10132,E13,E,1.418,Enrich
0.5,11847,E13,E,2.837,Enrich
0.75,12794,E13,E,4.255,Enrich
0.9,13270,E13,E,5.106,Enrich
1,13567,E13,E,5.674,Enrich
0,0,E14,E,0,Enrich
0.01,1330,E14,E,0.07,Enrich
0.05,5718,E14,E,0.35,Enrich
0.1,8062,E14,E,0.701,Enrich
0.25,10629,E14,E,1.752,Enrich
0.5,12396,E14,E,3.503,Enrich
0.75,13421,E14,E,5.255,Enrich
0.9,13875,E14,E,6.306,Enrich
1,14144,E14,E,7.007,Enrich
0,0,E15,E,0,Enrich
0.01,1226,E15,E,0.065,Enrich
0.05,5587,E15,E,0.323,Enrich
0.1,7888,E15,E,0.646,Enrich
0.25,10520,E15,E,1.616,Enrich
0.5,12182,E15,E,3.231,Enrich
0.75,13202,E15,E,4.847,Enrich
0.9,13670,E15,E,5.817,Enrich
1,13955,E15,E,6.463,Enrich
0,0,E16,E,0,Enrich
0.01,1071,E16,E,0.059,Enrich
0.05,5287,E16,E,0.295,Enrich
0.1,7697,E16,E,0.591,Enrich
0.25,10325,E16,E,1.477,Enrich
0.5,12073,E16,E,2.953,Enrich
0.75,13069,E16,E,4.43,Enrich
0.9,13548,E16,E,5.316,Enrich
1,13825,E16,E,5.907,Enrich
0,0,E17,E,0,Enrich
0.01,1613,E17,E,0.081,Enrich
0.05,6257,E17,E,0.404,Enrich
0.1,8491,E17,E,0.808,Enrich
0.25,10941,E17,E,2.019,Enrich
0.5,12541,E17,E,4.039,Enrich
0.75,13545,E17,E,6.058,Enrich
0.9,14019,E17,E,7.27,Enrich
1,14291,E17,E,8.078,Enrich
0,0,E18,E,0,Enrich
0.01,1478,E18,E,0.081,Enrich
0.05,5996,E18,E,0.404,Enrich
0.1,8277,E18,E,0.809,Enrich
0.25,10729,E18,E,2.022,Enrich
0.5,12360,E18,E,4.044,Enrich
0.75,13258,E18,E,6.066,Enrich
0.9,13730,E18,E,7.279,Enrich
1,13987,E18,E,8.088,Enrich
0,0,E19,E,0,Enrich
0.01,1351,E19,E,0.078,Enrich
0.05,5694,E19,E,0.392,Enrich
0.1,8046,E19,E,0.785,Enrich
0.25,10598,E19,E,1.962,Enrich
0.5,12232,E19,E,3.924,Enrich
0.75,13273,E19,E,5.886,Enrich
0.9,13746,E19,E,7.063,Enrich
1,14032,E19,E,7.848,Enrich
0,0,E2,E,0,Input
0.01,1577,E2,E,0.08,Input
0.05,6490,E2,E,0.398,Input
0.1,8671,E2,E,0.795,Input
0.25,11036,E2,E,1.989,Input
0.5,12705,E2,E,3.977,Input
0.75,13660,E2,E,5.966,Input
0.9,14126,E2,E,7.159,Input
1,14413,E2,E,7.955,Input
0,0,E20,E,0,Enrich
0.01,1665,E20,E,0.084,Enrich
0.05,6275,E20,E,0.42,Enrich
0.1,8540,E20,E,0.84,Enrich
0.25,10981,E20,E,2.1,Enrich
0.5,12622,E20,E,4.2,Enrich
0.75,13630,E20,E,6.3,Enrich
0.9,14122,E20,E,7.561,Enrich
1,14423,E20,E,8.401,Enrich
0,0,E21,E,0,Enrich
0.01,2423,E21,E,0.113,Enrich
0.05,7441,E21,E,0.567,Enrich
0.1,9456,E21,E,1.133,Enrich
0.25,11625,E21,E,2.834,Enrich
0.5,13268,E21,E,5.667,Enrich
0.75,14283,E21,E,8.501,Enrich
0.9,14776,E21,E,10.201,Enrich
1,15046,E21,E,11.335,Enrich
0,0,E22,E,0,Enrich
0.01,1407,E22,E,0.073,Enrich
0.05,5969,E22,E,0.363,Enrich
0.1,8267,E22,E,0.726,Enrich
0.25,10723,E22,E,1.814,Enrich
0.5,12410,E22,E,3.628,Enrich
0.75,13366,E22,E,5.442,Enrich
0.9,13801,E22,E,6.53,Enrich
1,14063,E22,E,7.255,Enrich
0,0,E23,E,0,Enrich
0.01,2146,E23,E,0.107,Enrich
0.05,7235,E23,E,0.535,Enrich
0.1,9276,E23,E,1.07,Enrich
0.25,11621,E23,E,2.675,Enrich
0.5,13268,E23,E,5.35,Enrich
0.75,14308,E23,E,8.025,Enrich
0.9,14790,E23,E,9.63,Enrich
1,15076,E23,E,10.7,Enrich
0,0,E24,E,0,Enrich
0.01,1877,E24,E,0.114,Enrich
0.05,6645,E24,E,0.569,Enrich
0.1,8807,E24,E,1.138,Enrich
0.25,11238,E24,E,2.845,Enrich
0.5,12920,E24,E,5.691,Enrich
0.75,13917,E24,E,8.536,Enrich
0.9,14411,E24,E,10.243,Enrich
1,14716,E24,E,11.381,Enrich
0,0,E3,E,0,Input
0.01,1192,E3,E,0.064,Input
0.05,5688,E3,E,0.319,Input
0.1,7949,E3,E,0.637,Input
0.25,10476,E3,E,1.593,Input
0.5,12061,E3,E,3.187,Input
0.75,13017,E3,E,4.78,Input
0.9,13514,E3,E,5.736,Input
1,13806,E3,E,6.374,Input
0,0,E4,E,0,Input
0.01,1069,E4,E,0.06,Input
0.05,5516,E4,E,0.301,Input
0.1,7919,E4,E,0.603,Input
0.25,10415,E4,E,1.507,Input
0.5,12074,E4,E,3.014,Input
0.75,13065,E4,E,4.522,Input
0.9,13525,E4,E,5.426,Input
1,13791,E4,E,6.029,Input
0,0,E5,E,0,Input
0.01,1452,E5,E,0.072,Input
0.05,6193,E5,E,0.36,Input
0.1,8403,E5,E,0.72,Input
0.25,10790,E5,E,1.801,Input
0.5,12353,E5,E,3.601,Input
0.75,13306,E5,E,5.402,Input
0.9,13728,E5,E,6.482,Input
1,13965,E5,E,7.203,Input
0,0,E6,E,0,Input
0.01,1201,E6,E,0.067,Input
0.05,5685,E6,E,0.333,Input
0.1,7969,E6,E,0.665,Input
0.25,10373,E6,E,1.663,Input
0.5,11944,E6,E,3.326,Input
0.75,12885,E6,E,4.989,Input
0.9,13269,E6,E,5.987,Input
1,13509,E6,E,6.652,Input
0,0,E7,E,0,Input
0.01,1163,E7,E,0.065,Input
0.05,5569,E7,E,0.325,Input
0.1,7800,E7,E,0.649,Input
0.25,10433,E7,E,1.623,Input
0.5,11991,E7,E,3.246,Input
0.75,12929,E7,E,4.87,Input
0.9,13354,E7,E,5.844,Input
1,13627,E7,E,6.493,Input
0,0,E8,E,0,Input
0.01,1431,E8,E,0.071,Input
0.05,6197,E8,E,0.357,Input
0.1,8449,E8,E,0.714,Input
0.25,10828,E8,E,1.785,Input
0.5,12401,E8,E,3.571,Input
0.75,13398,E8,E,5.356,Input
0.9,13844,E8,E,6.427,Input
1,14129,E8,E,7.141,Input
0,0,E9,E,0,Input
0.01,1847,E9,E,0.087,Input
0.05,6811,E9,E,0.437,Input
0.1,8934,E9,E,0.874,Input
0.25,11126,E9,E,2.186,Input
0.5,12607,E9,E,4.371,Input
0.75,13599,E9,E,6.557,Input
0.9,14042,E9,E,7.868,Input
1,14308,E9,E,8.742,Input
0,0,F1,F,0,Input
0.01,1034,F1,F,0.064,Input
0.05,5371,F1,F,0.318,Input
0.1,7690,F1,F,0.636,Input
0.25,10281,F1,F,1.589,Input
0.5,11868,F1,F,3.178,Input
0.75,12845,F1,F,4.768,Input
0.9,13312,F1,F,5.721,Input
1,13581,F1,F,6.357,Input
0,0,F10,F,0,Input
0.01,1198,F10,F,0.062,Input
0.05,5732,F10,F,0.308,Input
0.1,8113,F10,F,0.616,Input
0.25,10664,F10,F,1.54,Input
0.5,12302,F10,F,3.08,Input
0.75,13257,F10,F,4.621,Input
0.9,13727,F10,F,5.545,Input
1,14004,F10,F,6.161,Input
0,0,F11,F,0,Input
0.01,1321,F11,F,0.077,Input
0.05,5951,F11,F,0.386,Input
0.1,8254,F11,F,0.772,Input
0.25,10684,F11,F,1.93,Input
0.5,12236,F11,F,3.86,Input
0.75,13163,F11,F,5.789,Input
0.9,13598,F11,F,6.947,Input
1,13861,F11,F,7.719,Input
0,0,F12,F,0,Input
0.01,1068,F12,F,0.061,Input
0.05,5521,F12,F,0.303,Input
0.1,7867,F12,F,0.606,Input
0.25,10415,F12,F,1.516,Input
0.5,11920,F12,F,3.032,Input
0.75,12885,F12,F,4.547,Input
0.9,13327,F12,F,5.457,Input
1,13585,F12,F,6.063,Input
0,0,F13,F,0,Enrich
0.01,1069,F13,F,0.065,Enrich
0.05,5142,F13,F,0.324,Enrich
0.1,7503,F13,F,0.648,Enrich
0.25,10226,F13,F,1.62,Enrich
0.5,11963,F13,F,3.24,Enrich
0.75,13012,F13,F,4.86,Enrich
0.9,13528,F13,F,5.832,Enrich
1,13804,F13,F,6.48,Enrich
0,0,F14,F,0,Enrich
0.01,1431,F14,F,0.074,Enrich
0.05,6010,F14,F,0.369,Enrich
0.1,8345,F14,F,0.738,Enrich
0.25,10852,F14,F,1.845,Enrich
0.5,12522,F14,F,3.689,Enrich
0.75,13502,F14,F,5.534,Enrich
0.9,13969,F14,F,6.641,Enrich
1,14223,F14,F,7.379,Enrich
0,0,F15,F,0,Enrich
0.01,1521,F15,F,0.083,Enrich
0.05,6229,F15,F,0.414,Enrich
0.1,8586,F15,F,0.828,Enrich
0.25,11076,F15,F,2.071,Enrich
0.5,12778,F15,F,4.141,Enrich
0.75,13886,F15,F,6.212,Enrich
0.9,14418,F15,F,7.455,Enrich
1,14741,F15,F,8.283,Enrich
0,0,F16,F,0,Enrich
0.01,1140,F16,F,0.064,Enrich
0.05,5380,F16,F,0.319,Enrich
0.1,7823,F16,F,0.637,Enrich
0.25,10516,F16,F,1.593,Enrich
0.5,12271,F16,F,3.185,Enrich
0.75,13349,F16,F,4.778,Enrich
0.9,13841,F16,F,5.734,Enrich
1,14140,F16,F,6.371,Enrich
0,0,F17,F,0,Enrich
0.01,1191,F17,F,0.063,Enrich
0.05,5485,F17,F,0.313,Enrich
0.1,7855,F17,F,0.627,Enrich
0.25,10432,F17,F,1.567,Enrich
0.5,12175,F17,F,3.133,Enrich
0.75,13215,F17,F,4.7,Enrich
0.9,13652,F17,F,5.64,Enrich
1,13968,F17,F,6.267,Enrich
0,0,F18,F,0,Enrich
0.01,1033,F18,F,0.058,Enrich
0.05,4894,F18,F,0.291,Enrich
0.1,7200,F18,F,0.582,Enrich
0.25,10081,F18,F,1.456,Enrich
0.5,11897,F18,F,2.912,Enrich
0.75,12917,F18,F,4.368,Enrich
0.9,13388,F18,F,5.241,Enrich
1,13659,F18,F,5.824,Enrich
0,0,F19,F,0,Enrich
0.01,1575,F19,F,0.077,Enrich
0.05,6346,F19,F,0.386,Enrich
0.1,8613,F19,F,0.772,Enrich
0.25,11088,F19,F,1.929,Enrich
0.5,12729,F19,F,3.858,Enrich
0.75,13722,F19,F,5.787,Enrich
0.9,14207,F19,F,6.944,Enrich
1,14487,F19,F,7.716,Enrich
0,0,F2,F,0,Input
0.01,1178,F2,F,0.063,Input
0.05,5600,F2,F,0.316,Input
0.1,7922,F2,F,0.632,Input
0.25,10421,F2,F,1.581,Input
0.5,12057,F2,F,3.161,Input
0.75,13043,F2,F,4.742,Input
0.9,13441,F2,F,5.69,Input
1,13704,F2,F,6.322,Input
0,0,F20,F,0,Enrich
0.01,1831,F20,F,0.092,Enrich
0.05,6659,F20,F,0.461,Enrich
0.1,8954,F20,F,0.922,Enrich
0.25,11248,F20,F,2.306,Enrich
0.5,13017,F20,F,4.612,Enrich
0.75,14047,F20,F,6.917,Enrich
0.9,14570,F20,F,8.301,Enrich
1,14877,F20,F,9.223,Enrich
0,0,F21,F,0,Enrich
0.01,1699,F21,F,0.081,Enrich
0.05,6671,F21,F,0.407,Enrich
0.1,8871,F21,F,0.815,Enrich
0.25,11477,F21,F,2.036,Enrich
0.5,13284,F21,F,4.073,Enrich
0.75,14492,F21,F,6.109,Enrich
0.9,15083,F21,F,7.331,Enrich
1,15431,F21,F,8.146,Enrich
0,0,F22,F,0,Enrich
0.01,1436,F22,F,0.072,Enrich
0.05,6067,F22,F,0.361,Enrich
0.1,8406,F22,F,0.722,Enrich
0.25,10929,F22,F,1.805,Enrich
0.5,12634,F22,F,3.609,Enrich
0.75,13593,F22,F,5.414,Enrich
0.9,14088,F22,F,6.497,Enrich
1,14376,F22,F,7.219,Enrich
0,0,F23,F,0,Enrich
0.01,1515,F23,F,0.088,Enrich
0.05,6062,F23,F,0.442,Enrich
0.1,8314,F23,F,0.884,Enrich
0.25,10885,F23,F,2.209,Enrich
0.5,12508,F23,F,4.418,Enrich
0.75,13491,F23,F,6.627,Enrich
0.9,13981,F23,F,7.953,Enrich
1,14231,F23,F,8.836,Enrich
0,0,F24,F,0,Enrich
0.01,1315,F24,F,0.069,Enrich
0.05,5804,F24,F,0.346,Enrich
0.1,8080,F24,F,0.692,Enrich
0.25,10617,F24,F,1.73,Enrich
0.5,12273,F24,F,3.459,Enrich
0.75,13331,F24,F,5.189,Enrich
0.9,13818,F24,F,6.227,Enrich
1,14112,F24,F,6.919,Enrich
0,0,F3,F,0,Input
0.01,1237,F3,F,0.067,Input
0.05,5711,F3,F,0.336,Input
0.1,7979,F3,F,0.672,Input
0.25,10580,F3,F,1.679,Input
0.5,12201,F3,F,3.358,Input
0.75,13133,F3,F,5.037,Input
0.9,13566,F3,F,6.044,Input
1,13848,F3,F,6.715,Input
0,0,F4,F,0,Input
0.01,904,F4,F,0.056,Input
0.05,5052,F4,F,0.281,Input
0.1,7440,F4,F,0.562,Input
0.25,10067,F4,F,1.406,Input
0.5,11723,F4,F,2.812,Input
0.75,12689,F4,F,4.218,Input
0.9,13137,F4,F,5.062,Input
1,13415,F4,F,5.625,Input
0,0,F5,F,0,Input
0.01,1075,F5,F,0.059,Input
0.05,5355,F5,F,0.296,Input
0.1,7703,F5,F,0.591,Input
0.25,10284,F5,F,1.479,Input
0.5,11871,F5,F,2.957,Input
0.75,12809,F5,F,4.436,Input
0.9,13258,F5,F,5.323,Input
1,13531,F5,F,5.914,Input
0,0,F6,F,0,Input
0.01,1047,F6,F,0.061,Input
0.05,5207,F6,F,0.306,Input
0.1,7535,F6,F,0.612,Input
0.25,10167,F6,F,1.53,Input
0.5,11813,F6,F,3.06,Input
0.75,12763,F6,F,4.591,Input
0.9,13250,F6,F,5.509,Input
1,13517,F6,F,6.121,Input
0,0,F7,F,0,Input
0.01,1849,F7,F,0.089,Input
0.05,6929,F7,F,0.446,Input
0.1,9029,F7,F,0.891,Input
0.25,11359,F7,F,2.228,Input
0.5,12986,F7,F,4.457,Input
0.75,13991,F7,F,6.685,Input
0.9,14454,F7,F,8.022,Input
1,14740,F7,F,8.914,Input
0,0,F8,F,0,Input
0.01,1361,F8,F,0.071,Input
0.05,5972,F8,F,0.353,Input
0.1,8281,F8,F,0.707,Input
0.25,10657,F8,F,1.767,Input
0.5,12284,F8,F,3.534,Input
0.75,13305,F8,F,5.301,Input
0.9,13703,F8,F,6.361,Input
1,13957,F8,F,7.067,Input
0,0,F9,F,0,Input
0.01,1416,F9,F,0.068,Input
0.05,6116,F9,F,0.342,Input
0.1,8331,F9,F,0.684,Input
0.25,10723,F9,F,1.71,Input
0.5,12345,F9,F,3.42,Input
0.75,13294,F9,F,5.131,Input
0.9,13744,F9,F,6.157,Input
1,14013,F9,F,6.841,Input
